{
    "postData": [
        {
            "type": "TextBox",
            "content": "ㅌㅋㅋㅋㅋㅋㅋㅋㅋ",
            "imageData": "",
            "position": {
                "x": 1080.0,
                "y": 444.00006103515627,
                "z": 0.0
            },
            "scale": {
                "x": 0.3399999737739563,
                "y": 0.3399999737739563,
                "z": 0.3399999737739563
            }
        }
    ]
}