{
    "posts": [
        {
            "pages": [
                {
                    "pageId": 0,
                    "elements": [
                        {
                            "content": "안녕 기사야",
                            "type": 0,
                            "imageData": "",
                            "position": {
                                "x": -128.42425537109376,
                                "y": 120.66664123535156,
                                "z": 0.0
                            },
                            "scale": {
                                "x": 0.3399999737739563,
                                "y": 0.3399999737739563,
                                "z": 0.3399999737739563
                            },
                            "fontSize": 60,
                            "fontFace": "SUIT-Light SDF",
                            "isUnderlined": false,
                            "isStrikethrough": false
                        }
                    ]
                }
            ]
        }
    ]
}