{
    "keys": [
        "1"
    ],
    "values": [
        {
            "posts": [
                {
                    "type": "TextBox",
                    "content": "1111",
                    "imageData": "",
                    "position": {
                        "x": 480.00030517578127,
                        "y": 864.0001220703125,
                        "z": -2.4000000953674318
                    },
                    "scale": {
                        "x": 0.3399999737739563,
                        "y": 0.3399999737739563,
                        "z": 0.3399999737739563
                    }
                }
            ]
        }
    ]
}