{
    "keys": [
        "1",
        "2"
    ],
    "values": [
        {
            "posts": [
                {
                    "type": "TextBox",
                    "content": "ㅁㄴㅇㄴㅁㅇㅁㄴㅇㅁㄴ",
                    "imageData": "",
                    "position": {
                        "x": 1083.41796875,
                        "y": 796.025390625,
                        "z": 0.0
                    },
                    "scale": {
                        "x": 0.3399999737739563,
                        "y": 0.3399999737739563,
                        "z": 0.3399999737739563
                    }
                },
                {
                    "type": "TextBox",
                    "content": "ㅁㄴㅇㄴㅁㅇㅁㄴㅇㄴㅁㅇㅁㄴ",
                    "imageData": "",
                    "position": {
                        "x": 1085.1265869140625,
                        "y": 691.784912109375,
                        "z": 0.0
                    },
                    "scale": {
                        "x": 0.3399999737739563,
                        "y": 0.3399999737739563,
                        "z": 0.3399999737739563
                    }
                }
            ]
        },
        {
            "posts": [
                {
                    "type": "TextBox",
                    "content": "ㅋㅋㅋㅋㅋㅋㅋㅋㅋㅋㅋㅋㅋㅋㅋㅋㅋㅋㅋㅋㅋㅋㅋㅋㅋ",
                    "imageData": "",
                    "position": {
                        "x": 1080.0001220703125,
                        "y": 444.00006103515627,
                        "z": 0.0
                    },
                    "scale": {
                        "x": 0.3399999737739563,
                        "y": 0.3399999737739563,
                        "z": 0.3399999737739563
                    }
                }
            ]
        }
    ]
}