{
    "posts": [
        {
            "pages": [
                {
                    "pageId": 0,
                    "elements": [
                        {
                            "content": "내용을 입력해 주세요.",
                            "type": 0,
                            "imageData": "",
                            "position": {
                                "x": 50.0,
                                "y": -50.0,
                                "z": 0.0
                            },
                            "scale": {
                                "x": 0.3399999737739563,
                                "y": 0.3399999737739563,
                                "z": 0.3399999737739563
                            }
                        }
                    ]
                },
                {
                    "pageId": 1,
                    "elements": [
                        {
                            "content": "내용을 입력해 주세요.",
                            "type": 0,
                            "imageData": "",
                            "position": {
                                "x": 50.0,
                                "y": -50.0,
                                "z": 0.0
                            },
                            "scale": {
                                "x": 0.3399999737739563,
                                "y": 0.3399999737739563,
                                "z": 0.3399999737739563
                            }
                        }
                    ]
                },
                {
                    "pageId": 2,
                    "elements": [
                        {
                            "content": "내용을 입력해 주세요.",
                            "type": 0,
                            "imageData": "",
                            "position": {
                                "x": 50.0,
                                "y": -50.0,
                                "z": 0.0
                            },
                            "scale": {
                                "x": 0.3399999737739563,
                                "y": 0.3399999737739563,
                                "z": 0.3399999737739563
                            }
                        }
                    ]
                }
            ]
        }
    ]
}