{
    "posts": [
        {
            "pages": [
                {
                    "pageId": 0,
                    "elements": [
                        {
                            "content": "내용을 입력해 주세요.",
                            "type": 0,
                            "imageData": "",
                            "position": {
                                "x": -139.4794464111328,
                                "y": 76.77401733398438,
                                "z": 0.0
                            },
                            "scale": {
                                "x": 0.3399999737739563,
                                "y": 0.3399999737739563,
                                "z": 0.3399999737739563
                            },
                            "fontSize": 60,
                            "fontFace": "SUIT-Light SDF",
                            "isUnderlined": false,
                            "isStrikethrough": false
                        }
                    ]
                }
            ]
        }
    ]
}