{
    "posts": [
        {
            "pages": [
                {
                    "pageId": 0,
                    "elements": [
                        {
                            "content": "내용을 입력해 주세요.",
                            "type": 0,
                            "imageData": "",
                            "position": {
                                "x": 151.63546752929688,
                                "y": 46.72898483276367,
                                "z": 0.0
                            },
                            "scale": {
                                "x": 0.3399999737739563,
                                "y": 0.3399999737739563,
                                "z": 0.3399999737739563
                            },
                            "fontSize": 60,
                            "fontFace": "SUIT-Light SDF",
                            "isUnderlined": false,
                            "isStrikethrough": false
                        },
                        {
                            "content": "",
                            "type": 1,
                            "imageData": "",
                            "position": {
                                "x": -187.7755889892578,
                                "y": 3.5046639442443849,
                                "z": 0.0
                            },
                            "scale": {
                                "x": 1.499999761581421,
                                "y": 1.499999761581421,
                                "z": 1.499999761581421
                            },
                            "fontSize": 14,
                            "fontFace": "Arial",
                            "isUnderlined": false,
                            "isStrikethrough": false
                        }
                    ]
                }
            ]
        }
    ]
}